Epichloe,Host
amarillans,Agrostis
amarillans,Agrostis
amarillans,Calamagrostis
amarillans,Elymus
amarillans,Sphenopholis
amarillans,Sphenopholis
amarillans,Sphenopholis
amarillans,Ammophila
baconii,Agrostis
baconii,Agrostis
baconii,Calamagrostis
baconii,Calamagrostis
baconii,Calamagrostis
brachyelytri,Brachyelytrum
bromicola,Bromus
bromicola,Bromus
bromicola,Bromus
bromicola,Elymus
bromicola,Hordelymus
bromicola,Hordeum
elymi,Bromus
elymi,Elymus
elymi,Hystrix
festucae,Festuca
festucae,Koeleria
festucae,Schedonorus
mollis,Holcus
sylvatica,Brachypodium
sylvatica,Hordelymus
E8Q16,Anthoxanthum
E8Q16,Brachypodium
E8Q16,Brachypodium
E8Q16,Dactylis
E8Q16,Lolium
E8Q16,Milium
E8Q16,Phleum
E8Q16,Poa
E8Q16,Poa
E8Q16,Puccinellia
Ety8,Anthoxanthum
Ety8,Brachypodium
Ety8,Brachypodium
Ety8,Dactylis
Ety8,Lolium
Ety8,Milium
Ety8,Phleum
Ety8,Poa
Ety8,Poa
Ety8,Puccinellia
clarkii,Holcus
poae,Poa
poae,Poa
aoteoroae,Echinopogon
gansuensis,Achnatherum
